name,rut,age,sex,fid
Catalina Luna,46251263-5,90,female,14
Sergio Galaz,92310665-0,47,male,29
Catalina Patiño,77837095-6,55,female,130
Nicolas Henriquez,66922079-0,70,female,63
Magdalena Santibañez,79464991-k,74,male,194
Lisandro Pinto,22997103-4,42,female,32
Leonardo Bucarei,61890115-7,42,male,127
Sofia Peña,45347413-5,29,male,189
Valentina Gutierrez,54864080-6,75,male,189
Simoney Mora,86447590-6,26,male,198
Martin Bustos,45355149-0,54,male,196
Diego Caniullan,19942007-0,89,male,192
Yanara Carrasco,79263691-8,39,female,52
Karla Castillo,32165632-3,38,female,170
Yaimara Cisternas,66760004-9,83,male,73
Pamela Figueroa,49326776-0,91,female,10
Aritza Flores,97804380-1,67,female,171
Giordano Flores,83399209-0,20,male,143
Danae Gamboa,86260284-6,95,female,169
Diego Guajardo,19209075-k,74,female,155
Bayron Guzman,31653150-4,84,female,27
Gabriela Jimenez,64100872-9,26,male,55
Orlando Moraga,72629258-2,56,male,57
Matias Moreno,17263415-k,13,female,95
Matias Painequeo,18208603-7,85,female,191
Sayenn Pavez,90414316-2,26,female,146
Gonzalo Pino,16045471-7,88,female,12
Benjamin Quilacon,28792266-3,37,male,137
Millaray Ramos,68353685-7,56,male,212
Aaron Roa,99428020-1,83,female,187
Martin Rojas,24840265-2,66,male,180
Yael Salcedo,79850677-3,81,male,75
Caceres San,95741388-9,57,female,26
Lucas Santibañez,77210598-3,63,male,40
Luis Torres,96187015-1,57,female,155
Zithlali Ulloa,68120110-6,28,male,5
Javiera Vasquez,56619171-7,66,male,129
Jorge Zumelzu,51616764-5,15,female,194
Alan Aceiton,60916764-5,97,male,102
Paz Aguayo,81252987-0,41,female,76
Flores Al,59192155-k,67,male,125
Lucas Araya,41391265-2,81,male,57
Daniela Arriagada,76041278-3,75,female,182
Benjamin Barria,78158392-8,43,female,49
Franco Benavides,49995619-3,97,female,83
Genesis Cardenas,37156185-4,59,female,205
Sergio Cardenas,85410626-0,24,male,53
Antonio Carrasco,10116173-0,72,male,123
Ian Carrera,88757035-3,30,female,182
Barbara Carvajal,68583239-9,42,male,137
Ignacio Castillo,35492826-4,59,male,126
Alondra Chamorro,86683089-4,91,female,201
Francisca Colima,28320055-8,67,male,128
Constanza Conejeros,86043030-4,87,female,82
Ivanna Contreras,27604578-4,44,female,121
Martin Flores,35412165-4,78,female,97
Constanza Gomez,80869010-1,40,male,94
Franco Gomez,86555166-5,34,female,185
Javiera Grandon,61036645-7,10,male,147
Javier Hurtado,40373818-2,84,female,37
Lucas Jara,24149278-8,84,female,178
Benjamin Jeria,43161018-3,95,female,155
Felipe Jilberto,67938721-9,16,male,118
Constanza Jorquera,18768050-6,32,male,6
Javiera Lizama,49881324-0,54,male,149
Catalina Lopez,36578275-k,28,female,59
Isidora Loyola,92505908-0,83,male,186
Bruno Mardones,16483997-4,36,male,178
Antonella Molina,91957885-8,53,female,55
Escarlet Morales,85930746-9,31,male,126
Javier Moya,43630977-5,30,female,88
Xavier Oyarzun,70876733-6,62,male,36
Silvio Peralta,36731956-9,81,female,82
Yohao Portales,42127645-5,70,male,63
Cesia Ramos,38158176-4,85,female,125
Francisca Reyes,48292072-1,33,female,67
Benjamin Rodriguez,86434438-0,30,female,208
Juan Sanchez,62974576-9,86,female,208
Constanza Sepulveda,71881591-6,53,male,52
Lucas Vasquez,16670974-1,74,male,98
Matias Vega,19027799-2,52,male,143
Isidora Villarroel,36669949-k,98,female,189
Victoria Adasme,58179139-9,75,male,70
Alonso Agurto,80146994-9,41,female,182
Carlos Antifil,34902561-2,99,male,195
Maria Aranda,27811535-6,34,female,106
Ignacio Arias,37653211-9,17,male,74
Rocio Bernales,78734770-3,95,male,77
Amaro Bravo,82260254-1,70,female,38
Sebastian Bustos,92253121-8,34,male,191
Jacob Cartes,53325503-5,98,male,202
Martin Celis,27423756-2,84,male,120
Noelia Cid,56840142-5,21,male,121
Hugo Cordova,99233768-0,37,male,32
Rocio Cuello,95541819-0,30,male,6
Monserrat Echeverria,61773216-5,28,male,151
Fernando Escobar,13635178-8,14,male,75
Emily Farias,93310611-k,40,male,195
Isidora Fernandez,85073231-0,89,male,194
Antonella Garrido,41601315-2,49,female,123
Conzuelo Gonzales,98121429-3,82,male,142
Josefa Huaiquil,80511365-0,53,female,165
Millaray Jimenez,62815723-5,88,male,212
Alondra Llanquiman,33734821-1,30,male,192
Fernando Lopez,25806104-7,76,male,213
Valeria Martinez,23514054-3,74,female,115
Alexia Matus,72309503-4,18,female,74
Martin Neculman,48908396-5,51,female,157
Isidora Orellana,71198104-7,90,male,129
Luis Pacheco,76534733-5,37,male,158
Carlos Pinto,73222374-6,31,female,38
Diego Plaza,28597225-6,25,female,161
Francisca Roblero,32700742-4,97,female,76
Padme Rodriguez,28118803-8,47,male,131
Benjamin Saavedra,34572846-5,34,female,12
Millaray Salazar,42723522-k,65,female,11
Deyanira Santander,15591154-9,73,female,142
Yasmin Suarez,16636734-4,73,female,130
Paloma Sucarrat,63795324-9,87,male,86
Kitzy Vega,65538426-k,53,female,198
Enygger Videla,62942419-9,45,male,151
Simona Vilches,33236616-5,98,female,182
Cristobal Yanka,31679088-7,44,male,186
Abigail Alarcon,82581279-2,48,female,99
Pablo Salazar,35069575-3,52,male,211
Antonio Salinas,99927220-7,83,male,63
Leandro Aravena,70106627-8,34,male,9
Anais Oyarzon,43953571-7,77,female,66
Victoria Toloza,51194123-7,73,female,139
Dominique Contreras,75490842-4,71,male,55
Alessandro Pizarro,64336012-8,25,male,209
Andrea Aguilar,54023774-3,11,female,101
Yadhira Cifuentes,45008209-0,97,female,180
Millaray Meza,40538537-6,89,female,11
Kiara Moya,12187269-2,46,female,145
Celine Yañez,27952560-4,74,male,115
Andrea Sanhueza,55823148-3,67,female,35
Danitza Castro,67978268-1,77,female,136
Shantal Muñoz,99070181-4,75,female,190
Isidora Bravo,50042631-4,16,female,112
Matias Pichulpil,99466469-7,23,male,82
Kris Peña,36664523-3,12,female,99
Rayan Contreras,44812887-3,70,female,126
Yaritza Garcia,34643031-1,23,male,102
Ivan Sarmiento,21759577-0,47,male,19
Alexandra Carmona,32992512-9,86,female,24
Mairin Romero,85553386-3,26,male,85
Salome Orellana,45510769-5,83,male,14
Constanza Loyola,45740927-3,19,female,99
Alejandra Olguin,98849412-7,42,male,197
Alonso Carrasco,42300579-3,84,male,74
Cristobal Vallejos,84921010-6,90,female,86
Macarena Muñoz,51248373-9,54,male,149
Andres Diaz,38628283-8,49,female,202
Esteban Guzman,78662700-1,95,female,86
Andrea Alburquenque,80703512-6,24,male,178
Sofia Flores,37142311-7,83,male,168
Katalina Gonzales,97036167-7,17,female,1
Jesus Gonzales,53967694-6,72,male,130
Antonia Olivares,23407008-8,51,male,1
Isidora Pacheco,76494450-k,15,male,127
Francisca Cayupan,56229978-5,43,male,123
Emiliano Figueroa,40269415-7,57,female,118
Alonso Dumont,80592689-9,18,male,36
Amaro Mondaca,52576933-k,87,female,109
Absalon Figueroa,71612139-9,32,female,150
Antonia Ortega,23632306-4,94,male,42
Josefa Alarcon,16413527-6,67,female,58
Alonso Farias,77489819-0,98,female,212
Matias Rodriguez,85301240-8,92,female,80
Alonso Toro,53721649-2,59,female,67
Andres Vergara,12655924-0,37,male,205
Noemi Castro,79154026-7,15,male,90
Adriana Jimenez,24115633-8,72,female,153
Miguel Martinez,34917249-6,47,male,156
Benjamin Cayul,85034590-2,94,male,126
Ignacio Mardones,19680912-0,69,male,151
Marcela Vargas,40455577-4,27,female,102
Andres Painenao,81401624-2,64,female,113
Gustavo Mena,40978316-3,95,female,203
Anibal Contreras,77189827-0,19,male,146
Javiera Vigouroux,13093741-1,38,male,14
Arturo Calabrano,26123513-7,82,male,124
Ignacio Huenuanca,12874915-2,28,male,215
Josue Donoso,15623590-3,32,female,84
Jesus Navarrete,45981588-0,44,male,18
Aaron Cares,82003178-4,86,female,51
Paz Muñoz,29415476-0,75,male,191
Antonia Elguezabal,38631846-8,88,female,153
Kathalina San,61242043-2,45,female,76
Ignacio Delgado,28954972-2,80,male,129
Andres Abarca,88094734-6,14,male,5
Alejandro Sarmiento,69163174-5,55,female,59
Alexander Peña,53042462-6,64,female,25
Samanta Marinao,81330568-2,60,male,125
Paola Quezada,86679007-8,19,male,115
Ignacio Barra,83896534-2,98,male,77
Ariel Iturra,91210142-8,44,female,128
Daniel Zuñiga,72570829-7,62,male,193
Catalina Jara,58044372-9,88,female,49
Venecia Campos,40640800-0,71,male,27
Fernanda Repol,73324033-4,84,female,88
Ignacia Galvez,80549244-9,89,female,175
Scarlett Pezoa,40070443-0,13,female,120
Jessica Reyes,68377701-3,59,male,140
De Rave,20228556-2,15,male,168
Daniel Blanco,16264932-9,36,female,3
Valentina Cancino,80580088-7,76,male,125
Claudio Carreño,84167281-k,39,female,206
Valentina Castillo,93044599-1,16,female,93
Gustavo Castro,47922722-5,22,female,83
Tamara Dealecio,41183684-3,50,female,144
Carla Farias,94947578-6,57,male,115
Fernanda Gajardo,33890329-4,59,female,175
Paula Gajardo,91085975-7,17,male,192
Isidora Garabito,96562711-1,95,female,120
Ignacia Gomez,52392092-8,79,female,189
Catalina Gonzalez,91938760-2,94,male,182
Daniela Gutierrez,98518861-0,90,male,4
Catalina Huentelaf,72275204-k,19,female,187
Bryan Jorquera,70388205-6,79,male,144
Diego Lopez,80924311-7,67,female,135
Matias Maldonado,73031326-8,79,male,63
Catalina Miranda,66970190-k,36,male,51
Catari Monsalves,81641085-1,30,female,129
Catalina Montero,17371278-2,92,female,82
Fernanda Montero,72447098-k,35,female,206
Matias Muñoz,59161375-8,24,male,51
Javiera Peralta,14106853-9,30,female,73
Ariana Perez,94506083-2,57,male,195
Joaquin Pinto,24878659-0,45,male,90
Nelson Quezada,23937155-8,69,female,122
Ignacio Quiroz,79407634-0,68,male,123
Giancarlo Roblero,27083103-6,94,male,142
Barbara Sanchez,77757931-2,35,male,202
Paolo Silva,21290952-1,24,male,35
Emilio Soto,79695896-0,89,male,149
Yacyara Soza,89512502-4,22,male,138
Jacob Torres,31256887-k,36,female,210
Catalina Urquiza,46067685-1,83,female,115
Alejandra Valdes,58143457-k,85,female,168
Catalina Valencia,69719019-8,57,female,174
Catalina Vasquez,81207716-3,49,male,155
Juan Veas,92394961-5,22,male,100
Yael Vera,99149710-2,91,male,123
Karla Villablanca,92851961-9,63,male,195
Diego Villegas,22637365-9,64,male,72
Javiera Alarcon,41694611-6,68,female,37
Vicente Alarcon,28231652-8,19,male,29
Benjamin Ancacura,97321798-4,86,female,26
Alan Armijo,35773530-0,47,female,131
Daniela Arraño,73745994-2,50,male,55
Kharla Astudillo,32644502-9,99,female,183
Sayuri Bahamondes,62220169-0,85,male,39
Dylan Campos,69020528-9,87,female,42
Angelo Caniuñir,62887150-7,12,female,101
Nazaret Carreño,16687104-2,91,female,115
Fabiano Carte,51630030-2,52,male,48
Mateo Contreras,47249752-9,50,female,88
Martina Cuevas,55868629-4,70,female,130
Agustin Farias,75766984-6,36,female,109
Isidora Galvez,32817993-8,30,male,15
Gabriela Garay,83538271-0,22,male,7
Valentina Gomez,80628376-2,48,male,126
Bastian Lagos,44422964-0,35,male,20
Esteban Leiva,31691559-0,72,female,65
Barbara Lincopan,31457093-6,74,male,62
Loreto Luna,61863167-2,48,female,143
Matias Marillan,91051274-9,32,male,5
Matias Momberg,81019249-6,96,female,171
Benjamin Mondaca,75106425-k,85,male,56
Andres Mora,52581344-4,34,female,24
Josue Moreno,13700503-4,28,female,86
Krishna Ordoñez,45677093-2,31,male,172
Iahn Oyarce,18912034-6,42,male,3
Trinidad Peralta,22876040-4,16,female,176
Constanza Quezada,29742884-5,51,male,36
Genesis Ramirez,13295853-k,15,male,58
Katherine Retamal,22252251-k,94,male,64
Yamna Reyes,53642790-2,48,female,121
Fernanda Salinas,83481742-k,85,male,175
Benjamin Sanchez,84095044-1,78,male,197
Francisca Sanchez,98544321-1,55,female,12
Yaen Sanhueza,96404014-1,36,female,147
Benjamin Soto,37731534-0,28,female,117
Kathya Spedaletti,55676647-9,97,male,0
Bastian Tapia,48766480-4,69,male,114
Fernanda Vargas,15119459-1,16,male,71
Camilo Zambrano,76849115-1,13,female,62
Barbara Zuñiga,15765031-9,10,male,183
Camila Aburto,32726853-8,26,male,163
Valentina Aliaga,59260036-6,96,male,11
Camila Arancibia,19130484-5,36,male,43
Javier Aravena,57325256-k,45,male,134
Diego Arce,80356838-3,93,female,27
Javiera Barrera,10119008-0,95,male,69
Nayelit Brantes,57437538-k,41,male,103
Tamara Candia,80092681-5,24,male,117
Dania Carreño,40503382-8,29,female,109
Constanza Castillo,14292252-5,55,male,174
Constanza Diaz,24215497-5,72,male,39
Jose Espina,60987705-7,19,female,170
Rodrigo Figueroa,59959821-9,10,male,172
Fernanda Gonzales,97418193-2,77,male,166
Daniela Habibe,88034198-7,36,male,162
Gloria Herrera,56725663-4,66,male,78
Thaira Hormazabal,54157127-2,74,female,152
Kiomara Huinca,48979148-k,13,female,36
Barbara Jara,30492842-5,21,female,213
Javiera Jaramillo,84671162-7,48,female,184
Maria Martinez,57342278-3,84,female,110
Tiare Miranda,73540572-1,55,male,100
Constanza Morales,48762156-0,80,male,193
Sebastian Moya,58509457-9,89,female,17
Fabian Muñoz,58188294-7,12,female,99
Valentina Muñoz,25844754-9,58,male,122
Lucas Nuñez,29903675-8,95,male,73
Vania Peña,66844166-1,45,male,188
Dylan Perez,32273643-6,77,male,154
Damary Pichulman,80353279-6,68,male,162
Francisca Pinto,29622397-2,26,male,133
Danae Poblete,78897889-8,94,female,37
Paula Quintrel,58846331-1,60,female,117
Camilo Roblero,71652443-4,78,female,195
Vicente Saez,90243628-6,36,female,108
Crichna Salazar,84081575-7,19,female,159
Elias Sanzana,14114400-6,87,female,28
Esteban Schroder,83905334-7,30,male,34
Nicolas Soto,89146700-1,46,male,101
Nicolas Urriola,29622980-6,20,female,165
Aylin Valdes,20168747-0,69,female,146
Damaris Venegas,38725184-7,30,male,121
Benjamin Vera,28450511-5,96,female,180
Monserrat Vidal,81018273-3,72,male,163
Anais Aguirre,10742402-4,54,male,32
Isaac Andrades,85384785-2,65,male,155
Karina Araos,30001031-8,29,female,118
Daniela Beroiza,48246125-5,67,female,81
Carolina Brevis,48986292-1,41,female,85
Camila Cabrera,93892863-0,55,male,128
Valentina Campos,52179815-7,22,male,195
Annais Caro,19706256-8,55,male,214
Abraham Carreño,26196183-0,27,female,203
Jael Cornejo,11271286-0,56,female,130
Aaron Cornejo,48998776-7,78,female,162
Matias Ferreira,95521769-1,47,male,6
Matias Fuentes,55972471-8,32,male,195
Alexandra Garay,95487734-5,58,male,168
Yahir Garrido,63814706-8,43,male,67
Justin Godoy,43597800-2,79,female,96
Camila Gonzalez,95403427-5,10,female,114
Natalia Henriquez,56914123-0,76,female,25
Jorge Hidalgo,95623149-3,87,female,96
Francisca Huenufil,37126798-0,47,female,194
Maria Jilberto,92270331-0,17,female,209
Cristhian Jimenez,46288331-5,94,female,17
Isidora Jimenez,90505307-8,13,female,148
Martin Leiva,95810168-6,73,male,122
Martina Leiva,94006732-4,62,male,78
Andres Lucero,61336127-8,81,male,41
Gamadiel Marin,32142510-0,73,male,20
Saad Sierra,21188032-5,18,female,2
Teigan Phelps,64660903-8,29,female,200
Chiara Howell,17677635-8,35,female,77
Nishat Greig,21332506-k,42,female,159
Niam Snider,36615636-4,50,male,101
Tasnim Rutledge,30741496-1,57,male,14
Henna Cantu,18970874-2,24,female,85
Amira Wong,33491402-k,28,female,82
Annaliese Ford,47342099-6,37,male,27
Marco Waters,73815426-6,21,male,214
Marian Spence,19528671-k,57,male,174
Amy Sharples,51844875-7,38,male,165
Eamonn Redfern,17327495-5,48,male,178
Katarina Chang,82719046-2,54,male,135
Annabelle Poole,79873843-7,40,male,159
Donte Salgado,66227912-9,40,female,184
Sufyan Rollins,44715611-3,44,male,103
Gracey Day,71134226-5,18,female,65
Otto Lindsay,89260929-2,25,male,49
Murphy Melendez,72620651-1,26,male,14
Marcel Mccarty,33908685-0,23,male,69
Lowri Henry,94221380-8,35,female,82
Juliet Goodman,15823641-9,43,female,186
Winnie Bloom,39790970-0,38,male,213
Baxter Bateman,14736236-6,46,female,42
Huda Sullivan,17195049-k,20,female,99
Ravi Avila,67710168-7,58,male,15
Hamza Carson,21201270-k,22,male,138
Faizaan Gilmour,16833235-1,44,female,17
Saoirse Tang,32273167-1,54,male,86
Harvey Marsden,90922919-7,35,female,50
Ehsan Liu,60028335-9,19,female,165
Orlaith Collier,52968708-7,60,female,116
Marcia Berg,57689116-4,27,female,23
Kamron Moran,10094201-1,39,female,117
Colin Rosario,85779616-0,24,female,36
Darrell Barnes,15683276-6,20,male,92
Akbar Healy,14825989-5,50,male,83
Valentino Gilliam,65207641-6,26,male,210
Damien Barnard,34761062-3,40,female,181
Jenna Wyatt,93600353-2,52,male,178
Chenai Lynch,61627352-3,33,female,167
Cleo Parsons,33917878-k,23,male,29
Meerab Shields,81311438-0,40,male,126
Asia Byers,16506263-9,54,female,77
Teejay Leon,48849361-2,45,male,60
Kelsie Vickers,23684561-3,29,male,150
Elisabeth Pickett,12842111-4,36,female,0
Tehya Curry,46524982-k,48,male,169
Nabila Silva,54556015-1,40,female,129
Kaira Frey,22240154-2,52,female,141
Lila Barron,72478850-5,59,female,91
Xander Goodwin,25107105-5,22,female,115
Lexi Cairns,69768825-0,45,male,199
Keyan Rigby,42644643-k,53,male,98
Donald Gordon,54004386-8,53,female,132
Kaylen Yoder,55514185-8,34,male,30
Rehaan Acosta,34762796-8,40,male,182
Ahsan Moyer,55422937-9,35,male,84
Simrah Begum,11636170-1,18,female,67
Rio Haas,45453849-8,30,male,6
Dannielle Power,84539370-2,59,male,101
Adam Delarosa,96900689-8,26,male,55
Yousif Mccullough,44281327-2,34,male,27
Zakary Ingram,74580276-1,21,female,5
Jordana Haley,78160098-9,23,female,108
Kavan Holder,65346159-3,42,female,116
Kieren Peck,72800848-2,49,male,213
Fiona Estrada,79757833-9,41,female,169
Esme-Rose Sargent,79459402-3,41,female,13
Kathy Leal,80921370-6,35,female,142
Hassan Gilmore,90172937-9,23,female,148
Rose Larsen,47942200-1,52,male,169
Jorge Tillman,42538060-5,22,male,129
Devonte Needham,70582800-8,56,female,131
Fahad Richmond,14982281-k,23,female,93
Kynan Benson,90155266-5,56,male,166
Maison Rhodes,96951878-3,23,female,25
Cai Woodward,72159761-k,32,female,27
Dania Neal,72430402-8,23,male,90
Irene Contreras,66045545-0,56,male,53
Briony Whelan,91231636-k,37,male,57
Vishal Merrill,86516801-2,49,male,98
Brad Stewart,64750606-2,42,female,3
Mina Dougherty,90966759-3,26,female,139
Phebe Braun,31111145-0,55,male,35
Murray Britton,16792411-5,56,female,59
Jaxx Blaese,58765828-3,19,male,70
Una Glenn,42216276-3,40,male,38
Luke Hills,91844038-0,48,male,4
Yasser Wilkins,43926456-k,47,male,56
Emir Bird,13965853-1,40,male,92
Reema Page,14343597-0,45,male,127
Nigel Dickens,41966463-4,36,female,83
Priyanka Navarro,21219682-7,43,male,206
Dina Clark,95541523-k,23,male,178
Ali Childs,68208732-3,56,female,208
Ava-Rose O'Ryan,43831962-k,60,male,115
Talitha Mcloughlin,22234852-8,60,male,173
Lily-Anne Patel,39089742-1,36,female,158
Keane Morrison,92696219-1,28,female,2
Mayson Baird,69568679-k,48,male,38
Rhiann Cote,91935122-5,45,male,192
Lina Mclaughlin,68133700-8,45,female,90
Ayush Pace,42938886-4,58,female,124
Zeeshan Johnston,11439340-1,26,male,144
Dominykas Lutz,39899583-k,55,female,110
Rafi Kaiser,39949282-3,37,male,134
Maaria Major,53644614-1,41,female,188
Blanka Alford,19552470-k,34,female,113
Oliver Huff,18167947-6,47,female,141
Jobe Campos,72810804-5,54,female,176
Taylan Wilks,44253237-0,23,male,184
Rhea Gale,45026478-4,55,female,52
Eshaal Searle,75576764-6,47,female,43
Nazia Quintero,64879120-8,18,female,115
Joshua Vo,69373271-9,23,male,9
Chay Sutherland,10517073-4,22,female,140
Riaan Mays,98708700-5,48,female,56
Harvie Forbes,58945079-5,23,male,165
Safia Potts,75270010-9,22,female,215
Sidrah Mclellan,98683815-5,23,male,1
Josh Small,72939187-5,57,female,19
Nikkita Dodson,20297901-7,33,female,14
Rikki Hewitt,77209293-8,55,female,203
Jameson Valdez,18665525-7,23,male,15
Kornelia Drummond,50062649-6,46,male,97
Mina Hebert,85973291-7,54,female,151
Sami Suarez,51153844-0,59,male,129
Rex Mckenzie,54076655-k,30,male,102
Asha Mckee,94821886-0,38,female,33
Fleur Sheppard,36552322-3,50,female,186
Orla Mcclure,32366948-1,54,female,176
Lianne Mccoy,77477421-1,21,female,79
Logan Kramer,13572944-2,58,female,120
Aamina Bean,79725605-6,60,male,162
Zaynah Kennedy,66183219-3,29,male,204
Melvin Perez,40675138-4,34,male,146
Alan Bonner,23000993-7,37,male,173
Madihah Haas,88198898-4,41,male,147
Roman Thomas,66199185-2,25,female,108
Rivka Finley,16008678-5,60,male,89
Dina Herman,36625090-5,22,male,27
Aubree Ridley,87813399-4,58,female,142
Lilianna Maxwell,93900888-8,50,male,61
Sayed Edwards,30862862-0,43,male,69
Patrik Rollins,43922451-7,45,male,26
Romilly Becker,95520055-1,24,female,34
Zayne David,75016224-k,18,female,100
Charlton Bridges,76591179-6,22,male,206
Ewan Chadwick,87081187-k,40,male,162
Ewen Little,36081017-8,49,female,157
Arjan Mcdermott,80291272-2,26,female,17
Toby Mcarthur,37200573-4,18,male,84
Mahi Ross,56535213-k,34,female,208
Benjamin Shaw,77796005-9,34,female,186
Laylah Grey,40350724-5,46,female,148
Dottie Chase,56499633-5,37,male,211
Bevan Pineda,23526948-1,35,male,178
Abubakar Gentry,86664654-6,41,male,177
Tehya Galvan,52916249-9,28,male,70
Darsh Bloom,62785039-5,45,male,155
Lucille Wilkerson,22145359-k,39,female,151
Tj Romero,63951440-4,58,female,109
Lamar Bailey,97004364-0,49,male,199
Deanna Wilder,47666047-5,29,male,92
Tasha Nicholson,88730119-0,58,female,5
Connor Prosser,53211068-8,35,male,106
Musab Ayala,14046488-0,19,male,184
Khushi Mayo,31706054-8,40,female,101
Ruby-Leigh Gallagher,23298212-8,22,female,193
Malcolm Plant,57836259-2,20,female,84
Mahir Nunez,97657967-4,46,female,163
Gerrard Quintana,59814228-9,57,female,133
Abbas Emerson,89336201-0,34,male,109
Anjali Rojas,94432090-3,42,female,170
Dollie Rivers,92170041-5,45,female,80
Inigo Castro,64272663-3,32,female,121
Jeremy Dunn,91790173-2,18,female,178
Kailum Parry,45467235-6,21,male,209
Aleena Parra,99075946-4,45,male,215
Lylah Mcguire,96392316-3,57,male,17
Lester Beard,73342699-3,60,male,123
Antonina Guzman,47865441-3,57,male,119
Hunter Solomon,88772168-8,24,male,38
Jacob Beech,87861767-3,19,female,177
Jana Sutton,41361801-0,48,female,94
Aalia Higgs,31092780-5,46,male,84
Diesel Hunt,11750224-4,33,male,146
Jena Field,72070561-3,20,female,197
Khadija Wells,51693674-6,51,female,155
Haidar Frank,92365268-k,50,female,166
Ariya Travis,55776079-2,49,male,67
Aysha Bone,83296811-0,37,female,99
Poppie Vang,23713134-7,54,male,76
Brittney Le,70624789-0,42,male,135
Nusaybah Fitzgerald,79425659-4,44,female,146
Kaelan Greenwood,66258468-1,55,female,35
Neve Carter,35662780-6,23,female,200
Kodi Higgins,40403791-9,30,female,4
Grover Vaughn,79480331-5,36,female,81
Elsie-May Chadwick,86646016-7,42,male,205
Eren Sargent,21666289-k,35,male,123
Kareena Salter,52703981-9,46,male,2
Giacomo Parsons,83603309-4,34,male,30
Maci Barrett,47326835-3,22,female,153
Eryk Greene,49337371-4,39,female,158
Tess Marshall,87442136-7,41,female,165
Emeli Handley,48679409-7,56,female,41
Dora Noble,36259502-9,48,female,214
Tyla Mcneil,29646441-4,50,female,171
Usman Lara,33402225-0,18,female,121
Nadir Redman,95855049-9,57,female,178
Isaak Esparza,51755919-9,41,female,163
Harriett Ayers,49993665-6,27,male,29
Isabel Vance,69141385-3,49,male,24
Joseph Broughton,33481996-5,21,male,46
Antoinette Schmidt,68505645-3,32,female,45
Kacper Glenn,47067447-4,42,female,120
Keenan Ryan,58557550-k,31,female,11
Iqra Thorne,27650119-4,51,female,56
Elina Lake,18812547-6,56,female,183
Balraj Davidson,66625711-1,26,male,166
Xavier Stuart,52189199-8,42,male,144
Eleanor Acevedo,28012525-3,30,female,176
Zainab James,48795285-0,30,male,44
Corrie Hinton,89321752-5,51,male,112
Diya Hansen,35066595-1,51,male,157
River Branch,42621036-3,40,female,69
Poppy Hartman,66954467-7,50,male,94
Nimrah Skinner,18446690-2,30,male,145
Jordan-Lee Norman,65227086-7,50,female,38
Amiya Craft,35661237-k,36,female,98
Jacob Gilmore,67913619-4,39,male,162
Arnav Franklin,83290634-4,30,male,82
Brayden Grey,62014673-0,52,male,61
Ophelia O'Doherty,92311983-3,21,male,107
Romana Woodley,59517619-0,26,male,176
Eoin Sutherland,42655208-6,35,male,180
Angharad Hatfield,65573855-k,55,female,197
Momina Read,62420431-k,37,male,14
Dean Schneider,56064569-4,45,male,163
Shivani Long,94422835-7,33,male,127
Elowen Gillespie,35668656-k,28,male,118
Ivo Patton,95437335-5,24,male,40
Beulah Rodriguez,63532763-4,41,female,159
Ruby-May Bowden,46680387-1,39,female,42
Kimberley Frost,85297873-2,55,male,14
Leonie Schofield,88132030-4,42,female,103
Josh Pittman,39473167-6,25,male,107
Desiree Webber,58154631-9,33,male,47
Tyriq Whitmore,38830395-6,58,male,200
Ashlee Alston,36030482-5,25,female,157
Ottilie Vega,95667888-9,21,male,103
Tanisha Weston,97996738-1,32,male,11
Sohail Huerta,96007294-4,23,female,84
Kasim Curry,52176953-k,35,male,13
Elaina Dillon,59332921-6,56,male,5
Dotty Lees,23298314-0,35,male,160
Amar Gough,31113786-7,32,female,133
Garrett Owen,87991170-2,50,female,95
Clement Johns,87631642-0,42,female,8
Mehdi Whitaker,17509928-k,33,female,108
Moesha Mclean,53089483-5,42,male,16
Miranda Crouch,75523496-6,50,female,142
Malcolm Mair,87734759-1,47,male,53
Dominika Mack,34424260-7,21,male,57
Phebe Paterson,66920820-0,45,male,199
Issac York,93057304-3,48,female,164
Akeel Peacock,82673938-k,55,female,204
Ceara Santana,14920531-4,57,male,70
Mateusz Sharma,96260856-6,43,male,86
Violet Mccray,86103635-9,34,male,203
Archie Rutledge,94384917-k,52,female,9
Nabeel Barry,47329036-7,29,male,198
Elliot English,44867899-7,50,female,173
Awais Vasquez,32690774-k,18,male,142
Aman Nixon,10544563-6,48,female,14
Faraz Chapman,28485302-4,60,female,163
Paulina Milner,63214394-k,55,male,79
Miyah Trevino,36044904-1,26,male,184
Amari Field,10206801-7,42,female,77
Una Kramer,34566442-4,57,male,98
Willie Dotson,65238271-1,57,male,96
Lexi-Mai Haigh,54230570-3,44,female,176
Abigail Coulson,76871405-3,34,male,38
Digby Glover,38204359-6,52,female,119
Don Sadler,33456182-8,42,female,168
Sue Iles,75806614-2,28,female,7
Keegan Stevens,19844189-9,53,female,37
Mariyah Spooner,70735043-1,41,male,128
Brianna Leigh,64221026-2,44,female,197
Mysha Storey,50453382-4,48,female,193
Cole Nairn,87649058-7,60,male,41
Malaikah Burn,75153238-5,29,female,73
Theresa Robson,12348490-8,21,female,172
Anastazja Mcdaniel,92445451-2,20,female,154
Traci Brookes,49604231-k,35,female,28
Ashlea Alexander,35288330-1,20,female,193
Dorothy Barclay,90870389-8,39,female,58
Yuvraj Doyle,52157315-5,21,female,53
Margot Blevins,35820841-k,28,female,158
Samuel Wilkerson,66361406-1,54,male,189
Libbie Jimenez,20843742-9,24,male,32
Tonya Charles,78059417-9,39,male,159
Lucy Sutherland,98417733-k,25,female,100
Sylvia Melendez,59170372-2,47,male,209
Ariya Mora,25070905-6,18,male,25
Martha Hulme,60370162-3,27,female,162
Kylo Hume,54982068-9,29,male,136
Huw Atherton,66336340-9,46,male,123
Shawn Brock,35685353-9,41,female,12
Martyn Parra,97102977-3,38,female,103
Franco Johnston,58155861-9,18,female,106
Pharrell Franklin,42168093-0,55,female,187
Adrianna Khan,59885368-1,37,female,98
Celia Durham,61554580-5,55,female,2
Ilyas Randall,66646618-7,43,female,178
Reagan Schofield,15298663-7,33,female,152
Tanvir Cortes,62778278-0,20,female,182
Bayley Melia,38287473-0,34,male,195
Coen Pena,11644968-4,25,male,158
Hilary Mair,97781705-6,28,female,136
Jaeden Bravo,80611905-9,42,male,106
Philip Turnbull,97343582-5,30,male,80
Aditya Vance,79693636-3,33,female,151
Cosmo Bush,69140468-4,56,male,53
Mysha Weston,48925896-k,53,female,54
Nicolas Zuniga,20640357-8,50,female,15
Ibraheem Gamble,33016426-3,45,female,30
Meerab Short,56790702-3,50,female,169
Haydn Dillard,45276568-3,52,male,138
Caprice Mejia,20335324-3,54,male,150
Gilbert Vang,42226798-0,57,female,25
Zidan Mcguire,43129309-9,19,male,178
Finnian Larson,26905798-k,43,female,10
Tamara Flynn,91119340-k,35,female,139
Shana Feeney,77625718-4,40,female,82
Dalton Colon,81698647-8,38,female,71
Thierry Shaw,15333675-k,21,female,26
Bronwyn Orozco,61993529-2,43,female,52
Nikki Pearson,22060310-5,27,male,196
Presley Dunkley,77520112-6,31,male,106
Persephone Manning,75346943-5,51,female,65
Sade Keller,62550748-0,60,male,50
Brenda Duncan,77814675-4,35,female,211
Lori Galvan,64370666-0,50,male,72
Davey Gunn,28752611-3,39,female,76
Rhyley Justice,74644456-7,34,female,189
Mohammad Frame,37500745-2,39,male,134
Nancy Blake,56119224-3,20,female,63
Danica Fletcher,59919311-1,59,male,167
Charlene Lambert,11087572-k,19,male,3
Taliyah Cope,12033288-0,43,male,92
Nasir Willis,49891081-5,53,female,96
Akeel Espinosa,55705480-4,32,male,130
Leoni Smyth,98642893-3,39,female,170
Emmanuella Prosser,49255740-4,45,male,38
Thiago Busby,63360085-6,33,male,9
Jadine Gould,26257768-6,26,female,209
Hiba Hough,17474518-8,33,male,69
Liam Ferreira,65884381-8,19,female,135
Laurie Kelley,47287276-1,48,female,206
Neil Miller,33078552-7,19,female,3
Dante Buckner,48776848-0,52,female,165
Kade Garrett,16222268-6,41,female,110
Cataleya Beard,95226644-6,22,male,133
Ivie Stark,17723136-3,30,female,114
Derry Garcia,83584289-4,55,female,188
Luciano Sheldon,92554015-3,55,female,163
Walter Dickinson,48345899-1,18,female,63
Danyl Henry,49036882-5,42,male,95
Elliott Robbins,96964691-9,41,female,208
Saima Ferry,16775393-0,56,female,210
Nicolle Marshall,51242629-8,35,male,208
Kiri Fitzpatrick,88806288-2,54,female,90
Terence Goff,57289805-9,47,female,58
Sahil Davison,49860637-7,44,male,151
Loretta Mcconnell,27844046-k,18,male,50
Jules Wainwright,45504619-k,40,male,70
Jad Woodcock,73453102-2,44,female,198
Tyreece Carter,84569598-9,40,male,186
Aydin Berger,94688326-3,56,male,96
Elisha Mitchell,84078768-0,39,female,166
Manraj Pope,91223172-0,56,female,19
Otto Guest,51317447-0,55,male,160
Rafi Joyce,78463527-9,35,male,166
Eren Eastwood,46025545-7,28,female,3
Trent Delacruz,40424433-7,34,female,126
Princess Sharp,68428477-0,35,male,215
Leja Reeves,28630079-0,46,female,23
Santiago Robles,63824003-3,57,male,108
Shaunie Naylor,58307021-4,49,female,51
Isaac Halliday,77983700-9,26,male,126
Humaira Yoder,57189229-4,35,female,170
Shivam Frey,41581842-4,56,female,202
Courtnie Duffy,55106753-k,35,female,154
Sneha Joseph,19735595-6,58,male,210
Ella-Louise Tillman,45024924-6,53,male,3
Antonio Chan,63884576-8,39,female,189
Aariz Berry,61262323-6,48,male,160
Spike Kim,24129722-5,40,male,177
Aizah Castro,39567466-8,44,male,99
Dolcie Handley,94888169-1,46,male,113
Gracie-Mae Gilbert,31642814-2,43,female,34
Elysia Huerta,79195789-3,28,female,134
Akash Riley,56292778-6,36,male,33
Jem Bailey,33670116-3,47,female,197
Jane Fernandez,48040287-1,28,male,10
Georgina Sargent,14761964-2,46,female,143
Willie Greig,27712443-2,23,male,136
Alina Payne,51853396-7,41,female,108
Tatiana Williams,23711490-6,49,female,71
Tevin Rosas,53523140-0,39,female,113
Naseem Schmitt,49974632-6,40,female,152
Ed Sierra,95598580-k,33,female,176
Kabir Melendez,49798131-k,34,male,74
Jakub Huang,71591727-0,50,female,193
Nelly Butler,30760014-5,26,male,106
Hope Serrano,33904341-8,26,female,165
Carson Edmonds,78331019-8,52,male,41
Jimmy Pratt,64903395-1,43,male,86
Zayan Solomon,45125749-8,41,female,138
Fredrick Esparza,81498697-7,51,male,158
Dominik Butt,78599189-3,53,female,49
Usman Church,85682952-9,59,male,107
Zach Hinton,47738259-2,59,female,173
Lea Atkins,48425773-6,51,female,183
Amos Santiago,82645956-5,60,male,18
Rickie Maguire,55956975-5,50,female,187
Liliana Leal,99875339-2,18,female,108
Nicole Holland,29858450-6,32,female,106
Skyla Dorsey,74759859-2,42,male,21
Huma Phelps,46012714-9,55,female,72
Richie Petty,43630930-9,28,male,80
Rabia Pugh,56425505-k,57,male,139
Owen Drummond,16239796-6,56,female,102
Keane Hoover,10165029-4,54,male,36
Jordon Hester,82809947-7,44,male,193
Samera Macleod,37492390-0,44,male,168
Margaux Battle,87544765-3,46,female,97
Huey Leonard,97901764-2,32,female,6
Nabil Ruiz,99294258-4,50,male,68
Imani Decker,48060937-9,35,male,130
Waqas Buchanan,85411178-7,29,female,196
Zayaan Morrison,10959343-5,22,male,141
Kianna Flowers,74630833-7,52,female,195
Milosz Wicks,20909860-1,44,male,215
Harri Burrows,23748548-3,24,male,35
David Hubbard,25572424-k,30,female,164
Saanvi Bernard,75653640-0,38,female,115
Anabel Montgomery,49359132-0,23,female,157
Janet Delarosa,50270274-2,60,male,139
Jerry Delaney,46080300-4,28,male,168
Fenella Galvan,99265623-9,25,female,132
Taine Calvert,75039658-5,60,male,206
Thea Whiteley,79735673-5,49,male,37
Vikki Bradshaw,34864642-7,47,female,24
Cruz Winter,38563658-k,40,female,143
Mollie Fraser,13463271-2,35,male,124
Saif Bostock,50109588-5,39,female,203
Maciej Romero,44126502-6,25,female,198
Hilda Brett,73352137-6,48,male,91
Hussein Hobbs,70156418-9,27,male,75
Michele Corbett,96557795-5,23,male,5
Grady Esquivel,76413818-k,50,female,205
Ariella Werner,66119831-1,28,male,208
Vinny Vazquez,81600879-4,21,male,77
Eamon Conway,69698793-9,53,male,146
Emme Marriott,91888069-0,58,male,33
Jae Ali,73075290-3,23,female,182
Sade Slater,95932617-7,48,female,66
Kerys Joseph,69402733-4,20,male,27
Gia Elliott,67391164-1,46,male,179
Kenny Gaines,81492646-k,23,male,76
Corban Stacey,15286948-7,53,male,131
Summer Clements,13993032-0,30,male,211
Sia Begum,10348170-8,46,female,167
Rochelle Cain,46088353-9,41,male,129
Ollie Morrow,20180335-7,42,male,129
Frederic Brooks,37630974-6,44,female,143
Aadam Dunlop,66540267-3,55,male,146
Jareth Castillo,45631604-2,52,female,4
Alesha Roth,80885102-4,23,male,101
Khia Kline,22587614-2,33,female,32
Clayton Golden,29728267-0,27,female,115
Toni Morris,79029236-7,58,male,152
Rahul Horne,95435510-1,23,female,5
Wyatt Stephens,61662429-6,33,female,35
Dulcie Kearns,92931585-5,52,male,214
Imogen Wills,55994808-k,22,male,34
Marianne Mays,63688364-6,47,female,203
Florrie Pacheco,95185947-8,29,male,159
Jaidon Gay,84964932-9,52,female,140
Clay Huynh,54106148-7,18,female,152
Alisa Carpenter,56781936-1,31,male,15
Darcie-Mae Hutton,99116865-6,22,male,84
Tyrese Bishop,54178021-1,29,female,129
Nyah Croft,68035652-1,52,female,188
Evie-Grace Hayden,83131309-9,49,male,195
Katie Yoder,57078757-8,49,male,114
Ottilie Campos,78166652-1,49,female,33
Jasper Harvey,32359787-1,54,female,191
Gabija Norton,12460058-8,32,male,85
Alexandra Naylor,85594953-9,49,female,139
Francis Luna,35776394-0,46,female,180
Mahi Vargas,44171043-7,28,male,168
Jonny Cortes,24945173-8,43,female,28
Ari Tomlinson,14377401-5,51,male,48
Cem Buckley,54801563-4,55,male,1
Roisin Contreras,61514910-1,22,female,180
Uma Morales,77020926-9,45,female,97
Shamima Wormald,21924647-1,44,female,135
Eleasha Craig,58000701-5,31,male,72
Caitlyn Mckenzie,76160177-6,37,female,156
Romilly Heath,38317707-3,24,male,107
Jordi Thorne,59089616-0,57,female,137
Malaki Wiggins,94123958-7,37,male,162
Adela Cordova,85394005-4,37,male,149
Alys Schwartz,33298524-8,30,female,183
Jill Baker,40588157-8,57,male,110
Jad Mercer,62820832-8,20,female,111
Darla Childs,61995722-9,21,male,164
Manav Hampton,60211995-5,34,male,186
Vijay Palacios,51667797-k,52,female,145
Laith Paul,74357811-2,49,female,87
Samirah O'Brien,76356563-7,25,female,173
Charlie Rahman,99837067-1,53,female,98
Eoin Sosa,28060713-4,54,male,10
Teddie Leal,15614052-k,34,female,6
Dillon Reeves,83917354-7,49,female,124
Alasdair Lucas,27852199-0,56,male,94
Sabah Skinner,74895468-6,46,male,176
Harriett Castillo,81559564-5,23,female,152
Macauley Davison,63459997-5,39,female,214
Reginald Tanner,45717384-9,36,female,184
Kacy Stubbs,55012555-2,60,male,187
Timothy Senior,22274441-5,29,female,45
Annabelle Stephens,33090056-3,37,male,73
Codie Sampson,25342278-5,24,female,135
Quinn Munro,60574488-5,25,female,169
Ethel Colon,65855526-k,50,male,142
Haley Bonilla,55326528-2,58,male,211
Afsana Roth,31690607-9,21,male,168
Loki Snyder,13938471-7,45,female,34
Milena Bright,12957899-8,37,male,107
Oliwia Livingston,33572631-6,29,female,192
Anne Bray,34966889-0,28,female,200
Alexandria Garrison,47377094-6,53,male,6
Awais Berger,46187096-1,39,female,115
Braiden Hoover,26635765-6,42,male,123
Charlene Chester,79446327-1,38,male,22
Simone Akhtar,18969557-8,53,male,160
Andrea Chen,21840388-3,51,male,150
Yisroel O'Neill,69265725-k,21,female,12
Arwen Flores,47673879-2,34,male,198
Kimora Ridley,33461543-k,28,female,2
Jayden-James Mckay,38717290-4,49,female,117
Jeff Lane,69705129-5,21,male,189
Mary Manning,53234460-3,57,female,186
Hermione Ventura,58593290-6,58,male,194
Nataniel Miller,44100123-1,38,female,24
Agnes Singleton,43776217-1,34,female,129
Florrie Drew,59445067-1,55,male,41
Grace O'Moore,70851011-4,31,female,47
Julia Moses,77941465-5,39,male,56
Keith Mccall,53511335-1,60,female,49
Caprice Davies,60517573-2,22,male,56
Tiffany May,53747213-8,51,female,53
Herbert Hawes,46491043-3,19,female,209
Kelise Fraser,73543707-0,45,female,187
Lacy Simon,79861684-6,41,male,4
Marianna Barry,61786224-7,20,male,194
Shay Glass,38405094-8,45,female,202
Nathanael Carlson,70733075-9,22,male,88
Campbell Vazquez,89200986-4,31,male,2
Fariha Barnard,71962392-1,20,male,181
Subhan Pearce,53329659-9,59,male,200
Petra Sharp,78156640-3,48,male,87
Olivia-Mae Carey,69760987-3,47,female,17
Noah Avalos,79625227-8,31,female,0
Ira Houston,95777850-k,53,female,148
Mcauley Robles,34352032-8,48,female,8
Stanley Soto,58748811-6,26,female,106
Geoffrey Ellis,96213302-9,26,male,124
Aviana Nairn,78918085-7,48,male,20
Anaya Rice,62832139-6,52,male,163
Teddy Henderson,11091024-k,51,male,171
Naya Melia,29676675-5,59,female,182
Lorraine Maxwell,89793517-1,21,male,114
Ivie Perez,25198755-6,41,male,112
Riccardo Hamilton,80588097-k,40,female,128
Tyrique Healy,29989393-6,22,female,32
Jonathan Turner,30224213-5,33,female,92
Tierney Mackay,79344858-9,55,male,141
Corrie Kirkpatrick,84729190-7,57,male,137
Kimberly Mason,97632703-9,20,male,102
Darragh Foreman,44770429-3,58,female,96
Nel Carson,63421928-5,19,male,58
Zayne Crane,31459690-0,40,male,167
Lilli Leech,13904984-5,37,female,11
Adnaan Rowley,34183638-7,34,male,184
Sian Montgomery,51827744-8,22,female,214
Arham Johnson,58496906-7,41,male,51
Josh Fry,93066103-1,34,female,130
Marwah Wiggins,82833215-5,51,male,93
John-James Burton,60747994-1,46,male,188
Kohen Tait,87772349-6,47,male,5
Adrian Fitzgerald,59444986-k,51,male,77
Tevin Walter,34882918-1,46,female,135
Mila Rhodes,49166815-6,58,male,68
Alix Thatcher,90594532-7,24,female,47
Judith Stott,89025372-5,38,female,155
Nabila Byers,30854312-9,25,female,180
Verity Murray,60987426-0,47,male,128
Talia Ellwood,41704207-5,26,female,1
Nicky O'Brien,15460166-k,36,female,136
Jamie-Lee Cook,96863860-2,40,male,151
Casper Pruitt,11554909-k,47,female,48
Millie-Rose Frost,83118985-1,39,male,28
Ignacy Leblanc,46962859-0,29,male,124
Marcelina Lowery,71075215-k,33,male,213
Nyla Paul,91059844-9,42,female,105
Rhianna Gilliam,93207016-2,47,male,165
Courtney O'Sullivan,53171533-0,40,female,93
Rebeca Park,32628385-1,41,male,90
Lola-Mae Kay,93840785-1,34,male,2
Makayla Crowther,25368817-3,20,female,154
Faiz Edmonds,25750021-7,43,male,32
Cadi Stokes,79758989-6,35,male,207
Jibril Davie,99748016-3,32,male,82
Jasper Hicks,53038300-8,41,female,193
Kara Rivas,87634133-6,49,male,81
Amanpreet Mata,81955785-3,58,male,168
Patryk Vang,18076157-8,45,male,197
Siyana Krueger,14811794-2,38,male,179
Hailie Kirkpatrick,45589350-k,58,female,149
Amelia-Rose Nguyen,22479749-4,45,male,37
Callie Collier,80843691-4,29,male,29
Owain Rollins,28738037-2,46,male,59
Abubakar Bowler,90471139-k,25,female,31
Jean Cullen,20032612-1,54,male,77
Edward Truong,44060880-9,34,female,117
Christie Zavala,44604413-3,55,female,138
Annaliese Rosa,48161908-4,47,male,99
Bridget Mckee,10669832-5,56,male,16
Kofi Mcdermott,22532060-8,37,male,150
Arla Hinton,10619372-k,22,female,139
Sophia Ryan,34846808-1,35,male,21
Subhaan Corbett,93009498-6,29,male,15
Mared Pineda,17459269-1,60,male,166
Danica Hutchings,48433213-4,23,female,147
Abbas Gonzales,85884715-k,38,male,127
Scarlet Banks,83386046-1,25,female,210
Suhayb Frame,41740767-7,29,female,147
Imaad Knox,35785969-7,49,female,207
Carys Conrad,78479752-k,19,male,142
Heena Valenzuela,60854678-2,55,female,120
Reyansh Mccormick,86367440-9,29,female,116
Shahzaib Bellamy,44749202-4,22,female,173
Ihsan Kelley,51093069-k,42,male,55
Tyrell Clay,23970806-4,47,male,118
Kathryn Whiteley,15373219-1,48,female,61
Chase Horner,30680313-1,27,male,112
Oliver Fitzpatrick,80282829-2,40,male,74
Angus Fleming,23648509-9,29,male,122
Naeem Sharpe,72157153-k,38,male,63
Javan Wiley,57728317-6,23,male,48
Sienna Neale,58303600-8,22,male,39
Korben Hurley,64651214-k,50,male,84
Julie Hart,23819538-1,48,male,120
Rafael Cisneros,41226633-1,60,male,115
Adela Tillman,86164302-6,45,male,16
Justine Black,32211035-9,23,female,178
Adam Grant,52247620-k,39,female,209
Alana Rahman,46787382-2,21,male,14
Rehaan Dunlop,70116705-8,25,female,93
Dane Sharma,30928102-0,42,female,65
Nakita Meza,33466037-0,52,female,186
Daria Ellison,63483183-5,49,male,47
Ilyas Puckett,34012878-8,25,female,126
Raees Livingston,62425949-1,21,female,75
Kien Christensen,33199896-6,50,male,50
Kiran Hanna,88697741-7,36,female,114
Krista Head,67414624-8,33,female,173
Cleo Aguilar,37220030-8,26,male,2
Conrad Buchanan,85122660-5,36,female,94
Arif Thorne,56485501-4,33,female,117
Sonya Smart,31793868-3,60,female,174
Milly Olson,48176712-1,21,female,64
Adyan Wicks,77214559-4,52,male,182
Danyl Boyer,62196038-5,47,female,120
Steven Hills,20034783-8,53,female,147
Fred Salter,92898031-6,31,female,161
Taine Ireland,97675067-5,34,female,13
Bella-Rose Cox,69251591-9,45,female,129
Lillia Hartman,45385992-4,51,female,48
Ellenor Lara,11544489-1,28,female,182
Jorgie Power,58844715-4,23,female,76
Donna Montes,75903526-7,44,female,161
Mai Regan,80698616-k,35,male,134
Abdur Heath,40127235-6,41,female,87
Freya Gross,53609901-8,50,male,5
Elspeth Rice,63974341-1,55,female,22
Christopher Macleod,51433500-1,51,male,105
Bernard Wells,12815044-7,56,male,78
Myles Nash,58976828-0,52,male,96
Alyce Kirkpatrick,42678415-7,22,female,176
Brandi Conroy,63936216-7,33,female,212
Lester Contreras,71162268-3,51,female,129
Aria Massey,66478458-0,38,female,72
Maxime Haigh,49718772-9,18,female,108
Madeleine Henson,82319208-8,21,female,160
Arslan Horton,13690129-k,40,male,149
Jobe Hopper,69135613-2,48,male,214
Caius Ball,57133149-7,37,female,67
Naima Perez,89265324-0,40,male,2
Sulaiman Martin,11077126-6,25,male,166
Thalia Scott,21823347-3,56,female,44
Natalya Morgan,37981852-8,34,male,126
Andrew Santos,26100581-6,22,male,117
Cora Becker,73557956-8,57,female,170
Allana Jarvis,26617374-1,52,male,175
Scarlett Cassidy,33911863-9,49,male,137
Kyle Aguirre,53783913-9,30,male,18
David Beach,43173481-8,18,female,176
Mehak Dawson,80600254-2,55,female,49
Finnian Waller,45751112-4,18,male,66
Rupert Ahmed,22027409-8,28,male,211
Kelly Keenan,56944351-2,34,male,157
Gage Stafford,11798235-1,59,male,79
Yahya York,41091494-8,21,male,174
Tyreece Cohen,69777560-9,43,male,201
Tanisha Allen,89861491-3,24,female,137
Amie Fuller,10254486-2,22,female,60
Anam Mcarthur,12166206-k,44,male,58
Georga Duffy,11557739-5,47,female,75
Dante Nava,88732812-9,44,female,140
Santino Robson,54475883-7,23,female,50
Roan Stubbs,42162871-8,31,female,163
Albert Irvine,62036438-k,22,male,134
Warwick Webber,86819507-k,37,female,59
Uzma Burris,61774912-2,50,female,212
Tyreke Gilmore,12412672-k,59,female,44
Kaylan Huff,64063874-5,31,male,87
Gene Melton,50511840-5,30,male,146
Alistair Sanford,70012917-9,59,female,184
Libbie Camacho,87859472-k,59,female,213
Dania Love,16836029-0,36,male,147
Abbi Millington,68903163-3,27,male,47
Ritchie Rose,50022661-7,29,male,74
Cooper Draper,24796080-5,21,male,50
Avani Phan,51193594-6,55,female,170
Alexis Kearney,30364676-0,22,male,148
Arnav Shannon,82376572-k,54,male,21
Evelina Dickerson,13068977-9,46,male,33
Zayaan Paterson,12673702-5,44,female,57
Alister Hills,45400053-6,41,male,62
Kajal Short,40644356-6,27,male,145
Trystan Wall,50321392-3,44,female,171
Abubakr Benjamin,67609462-8,59,male,153
Zackery Sheridan,83028620-9,54,female,149
Izaan Byrd,89077953-0,22,female,162
Billie Durham,93550420-1,37,male,160
Lois Charlton,58366562-5,31,female,89
Jade Thatcher,47981838-k,30,male,0
Nafisa Foster,73178495-7,39,female,69
Cleo Goodwin,29950437-9,49,male,41
Austin Riddle,14240870-8,24,male,51
Ines Fountain,59150917-9,34,male,167
Keeva Allan,60158787-4,37,male,157
Shelby Holder,33802463-0,54,female,210
Lara Mcmahon,20672410-2,44,female,74
Josie Ibarra,75295314-7,47,female,0
Effie Washington,79687907-6,49,male,117
Humairaa Knights,70368495-5,19,female,121
Hina Oneal,42679613-9,18,male,198
Rayan Mccray,34603233-2,60,male,130
Kory Hays,17286061-3,29,female,88
Kerri Herbert,11453035-2,56,female,211
Ranveer Cope,58963604-k,23,female,36
Trey Evans,82903113-2,39,male,150
Aran Osborn,85778387-5,57,female,162
Arfa Crouch,88104231-2,54,female,7
Harriette Hubbard,44840159-6,28,female,182
Annabelle Hester,33874298-3,41,female,85
Jevan Martins,22937366-8,49,female,157
Gregg Douglas,18902520-3,55,female,122
Caspian Potts,22412109-1,43,male,69
Bryony Henry,68155764-4,37,male,22
Finnley Orr,22169359-0,23,male,165
Cayson Branch,22913410-8,30,female,167
Rhonda Reeve,97538963-4,20,male,33
Martina Betts,41266992-4,48,female,187
Kinga Redmond,78459862-4,22,male,176
Henri Barrett,26113418-7,40,male,53
Izabella Bate,63699218-6,32,female,158
Elleanor Kane,86339917-3,23,female,88
Heath Cruz,35480818-8,44,female,8
Isabella-Rose Patrick,70841109-4,59,male,190
Ava Gilbert,81203114-7,21,female,96
Haris Humphreys,38072383-2,28,male,116
Darsh Macias,36692442-6,51,female,104
Alexandra Barrera,82429778-9,51,male,19
Zubair Benjamin,19150492-5,54,female,120
Gerrard Ho,22150901-3,47,female,104
Cerys Clarkson,86083776-5,25,male,63
Callan Lowe,56093204-9,44,female,21
Maddox Moon,66169613-3,57,male,215
Zaine Trujillo,20820475-0,23,male,163
Jardel Keith,40597717-6,58,male,139
Fred Sharples,54451953-0,34,female,215
Catriona Cresswell,83640016-k,36,female,164
Mysha Firth,77354291-0,22,male,87
Thea Stephens,64043694-8,58,female,204
Aleena Maguire,93433032-3,38,female,115
Evie-Grace Middleton,36706688-1,47,female,70
Adrienne Lamb,26475026-1,20,female,199
Bridie Stanley,15369176-2,51,male,97
Taybah Best,33006349-1,32,female,82
Enid Flower,77785207-8,56,male,101
Edmund Whelan,57792927-0,23,female,57
Carrie-Ann Dickson,19142189-2,59,female,87
Sara Horn,27143992-k,33,female,161
Reiss Lutz,19410523-1,29,male,5
Oran Valdez,21672114-4,40,male,35
Summer-Louise Strong,99463426-7,31,male,131
Rhydian Keeling,44372095-2,22,female,93
Aisling Chaney,80228379-2,51,female,124
Lulu Sexton,21330792-4,25,male,157
Elliot Pacheco,37184049-4,30,female,168
Cem Moss,13592940-9,20,female,142
Zeshan Mcmillan,36205098-7,23,female,64
Mahnoor Legge,96828461-4,24,male,20
Nina Holding,17159919-9,36,female,142
Hiba Clemons,44822766-9,43,male,95
Kasim Brooks,61892040-2,59,female,114
Nakita Kelly,60031280-4,36,female,190
Hughie Storey,20600805-9,19,male,168
Keanan Cordova,90739234-1,33,female,81
Hailie Robertson,59137080-4,58,female,67
Lily-Rose Wharton,43329730-k,49,female,39
Presley Mcgowan,42354523-2,44,male,136
Alister Hartman,91461351-5,58,female,131
Iris Fowler,69167855-5,25,female,40
Kailum Caldwell,81560843-7,52,female,196
Mila-Rose Ramsey,72856019-3,24,female,152
Julien Sloan,35656775-7,59,female,74
Yisroel Wheatley,22566169-3,59,female,167
Tyler-Jay Forster,76563311-7,35,female,151
Justine Wood,22001298-0,59,female,40
Rianne Coleman,87548946-1,26,female,7
Demi-Leigh Byrd,22977216-3,39,male,141
Eleanor Charlton,28353821-4,47,male,58
Indigo Liu,54570173-1,42,female,150
Gavin Jeffery,37742604-5,43,female,180
Kiera Mccallum,71518049-9,46,male,160
Nimrah Lowery,66398573-6,31,female,56
Nichole Savage,16315937-6,28,male,16
Ellie-Mai Hutton,14885951-5,22,female,76
Arfa Boyer,30775222-0,39,female,153
Jacques Carter,75910499-4,41,female,59
Georga Salinas,85055980-5,51,female,68
Sylvia Mcfarland,50536630-1,37,male,153
Samad Neville,54122700-8,32,female,29
Collette Munro,72429091-4,39,female,84
Bryce Watt,75281837-1,58,female,125
Theo Davenport,32750103-8,24,male,67
Melisa Travis,56350683-0,31,female,198
Dalia Jefferson,10619776-8,20,female,86
Johnny Perry,64269343-3,57,female,179
Gina Cortes,77366538-9,59,female,88
Margo Stuart,21875469-4,19,female,177
Gracie-May Patton,14002078-8,29,male,30
Bree Cleveland,37608219-9,35,female,102
Clarke Mcloughlin,83330704-5,28,male,22
Sheila Gilmore,57931953-4,51,male,209
Bea Mcnally,63382431-2,50,female,105
Cyrus Fountain,98296705-8,47,female,85
Lacey Thatcher,59495529-3,23,male,75
Laith Zimmerman,38235761-2,22,female,95
Teodor Lim,65731455-2,31,male,163
Sherri Kearns,38470405-0,46,female,41
Maiya Villa,20789297-1,48,female,4
Mack Wallis,53456223-3,38,female,189
Clodagh Greenaway,80508950-4,44,female,118
Carter Richards,94864113-5,31,male,41
Robyn Riddle,36432728-5,28,female,57
Erika Greene,25497638-5,49,female,110
Omari Fuller,48459253-5,53,male,108
Lewis Mcleod,17070747-8,31,male,214
Elliott Irwin,13890944-1,19,male,136
Madeleine Stokes,82993651-8,32,female,172
Vikki Partridge,44380500-1,19,female,15
Arianna Vazquez,50319391-4,57,female,80
Campbell Shepherd,81602032-8,51,male,147
Carley Dixon,91888493-9,46,female,46
Elizabeth Hopper,81234956-2,26,male,182
Reya Bruce,53383454-k,52,female,128
Karter Swan,48996426-0,43,male,133
Hettie Sweeney,99937169-8,52,male,49
Sienna Weaver,37839960-2,49,male,164
Evelyn Duran,31845287-3,51,male,157
Ava-Mai Spooner,15451762-6,40,female,85
Amanah Mckay,93635199-9,46,male,15
Alanis Clark,73833231-8,40,female,173
Anish Coleman,46188032-0,23,male,91
Elle Lindsay,97404549-4,37,male,208
Brandon Rodrigues,46033111-0,55,female,198
Allison Costa,83029887-8,38,female,161
Anis Cohen,37376941-k,32,male,147
Beauden Gilmour,18165501-1,34,male,38
Jannat O'Moore,83635222-k,46,male,210
Aanya Foster,95759065-9,31,male,212
Mylah Long,25327705-k,50,female,180
Kayden Delarosa,82693313-5,34,male,32
Fahad Travers,56474633-9,33,male,100
Samiya Hardin,84911278-3,57,female,125
Jake Hatfield,64501886-9,19,male,155
Joseff Peters,20467855-3,33,male,51
Maisey Alexander,76396643-7,33,male,103
Lucy Dunlap,41545483-k,22,male,57
Nathaniel Mcgill,54593722-0,54,male,194
Layton Sparks,74269105-5,24,female,35
Jiya Irvine,16689945-1,20,male,193
Dylan Nicholls,92951996-5,41,male,48
Sameera Robson,71180222-3,30,male,57
Kaeden Frazier,66185512-6,56,male,27
Artur Stokes,54245196-3,30,female,168
Patrik Dodson,52650167-5,45,female,23
Marnie Macfarlane,31194216-6,27,female,55
Daphne Mccallum,75981648-k,29,male,45
Luther Simon,67314332-6,21,female,58
Hasan Harrison,79308193-6,45,male,130
Taiba Richmond,49628420-8,55,female,134
Olivia-Mae Hicks,26135720-8,32,male,130
Kurt Sutton,28370900-0,52,male,114
Reanne Cooke,32219010-7,20,female,109
Haleemah Baxter,14408869-7,23,female,49
Codie Galloway,27183294-k,48,male,47
Lance Weber,26249833-6,20,female,63
Cai Mcneil,35115737-2,39,female,0
Cally Hopper,38578737-5,34,female,23
Sebastien Petersen,89213188-0,53,female,153
Shane Kelly,34823992-9,43,female,75
Guto Benitez,59890575-4,43,female,199
Anees Morse,66284985-5,36,female,50
Liyah Cooper,93176945-6,22,male,196
Shahzaib Espinoza,34975310-3,50,female,66
Suzanna Romero,80558312-6,49,male,209
Matias Strickland,88408240-4,52,male,33
Georgiana Yu,68225683-4,56,male,123
Amritpal Whyte,29295221-k,32,female,50
Lucien Watkins,22760013-6,54,female,166
Carter Plummer,27003910-3,28,male,152
Sabiha O'Quinn,93129167-k,60,female,208
Tayyibah Mckinney,18067050-5,50,female,157
Jibril Hall,89118524-3,28,female,19
Ahsan Flynn,71389826-0,46,male,163
Jesus Small,90007582-0,52,male,35
Denise Daniel,53281073-6,40,female,6
Isabell Hogan,96735305-1,26,male,160
Ivan Allison,57829633-6,24,male,70
Melissa Ashley,29803983-4,59,male,151
Natalya Thorpe,22783728-4,26,male,102
Anisha Brady,20694588-5,51,female,89
Zakariyah Williamson,60038263-2,24,female,9
Nayla Bates,72611524-9,55,female,169
Aubree Marsden,71796805-0,59,female,167
Pia Short,14309109-0,52,male,81
Fatima Traynor,60139069-8,56,female,149
Imran Senior,30991735-9,40,female,131
Jose Farrell,80640357-1,39,male,87
Montgomery Cornish,13370165-6,19,male,213
Kingsley Goddard,73418283-4,19,female,76
Chance Barlow,59060940-4,25,male,154
Chelsy Whitley,67170407-k,27,female,3
Alfie-James Moyer,74500563-2,55,male,115
Izabelle Frey,34776869-3,50,female,183
Bjorn Salazar,97754557-9,35,female,157
Ruby-Leigh Stevenson,75328775-2,24,male,169
Theia Parkes,74361473-9,50,female,27
Kian Branch,43123228-6,37,male,142
Isla-Mae Calhoun,99184175-k,28,female,192
Rodney Woodcock,12205074-2,31,male,109
Derrick Fritz,34996262-4,52,female,100
Patience Waters,88283175-2,44,male,89
Miruna Friedman,35773199-2,37,male,151
Ralphy Phan,94362008-3,28,male,28
Camron Chaney,70366259-5,50,male,11
Iram Carroll,79922398-8,60,male,215
Sallie Wolf,85831418-6,58,female,168
Lilly-Grace Tucker,99223381-8,53,male,180
Avneet Pennington,37925650-3,43,female,16
Connor Weir,62422623-2,44,male,81
Ainsley Read,67629255-1,25,female,46
Jaheim William,37117213-0,19,male,176
Suranne Byrd,36600416-5,46,male,62
Millie Nava,96217495-7,33,male,106
Tom Palacios,18454632-9,35,male,137
Muneeb Huff,57041868-8,53,female,129
Ziva Langley,75129314-3,47,male,203
April Peters,81168161-k,50,male,3
Akash Kendall,19533896-5,35,male,48
Lily-Anne Barnes,25309713-2,54,male,69
Ayaan Bass,59105378-7,45,male,119
Carter Bradshaw,83123905-0,47,male,156
Zachary Marks,64268937-1,19,female,82
Ffion Allison,70202613-k,38,male,116
Fynley Glenn,34048567-k,47,female,115
Susie Crane,14197251-0,57,female,61
Dionne Dowling,17167867-6,48,male,198
Denzel Herrera,95514882-7,39,male,105
Brandan Mcdougall,48630167-8,42,female,142
Patryk Enriquez,54121962-5,46,male,60
Massimo Needham,66199699-4,30,male,81
Maleeha Rice,65809271-5,60,female,65
Abdur-Rahman O'Reilly,49159506-k,19,female,18
Joan Alvarado,21878618-9,49,male,211
Asma Brook,35806868-5,32,female,186
Danyl James,96332059-0,31,female,190
Cecelia Bender,29877385-6,20,male,210
Abdi Mccoy,97166191-7,24,male,201
Rhonda Carney,81403585-9,40,female,17
Willis Herbert,97985609-1,18,female,182
Bella-Rose Rivers,47591540-2,56,female,165
Junayd Andersen,67902197-4,43,male,165
Genevieve Booth,85743167-7,53,female,184
Bridie Currie,63214464-4,35,female,110
Samuel Sheridan,82270937-0,20,male,210
Deen Smyth,80438756-0,48,male,170
Petra Rigby,73561428-2,21,male,169
Kacie Stevens,89576450-7,39,male,57
Shanaya Hewitt,45644100-9,50,female,111
Kaiya Huerta,87371798-k,45,female,125
Maiya Tierney,43654491-k,21,male,150
Linzi Wong,14200344-9,46,female,34
Amelia-Mae Malone,87094740-2,30,male,151
Florence Lucero,66866166-1,40,male,175
Sneha Hagan,90601826-8,56,female,164
Trey Saunders,23494123-2,57,male,40
Hester Jeffery,20026905-5,39,female,193
Theodore Wilkes,11341475-8,38,male,86
Manisha Mcloughlin,39006777-1,28,female,47
Mason Ritter,65175008-3,24,male,126
Roseanne Nguyen,45856781-6,50,female,30
Jana Byrd,22825105-4,37,male,70
Orlaith Jones,36918308-7,30,male,110
Fahad Diaz,26849996-2,34,male,183
Ivy-Rose Mcclure,41659296-9,54,female,126
Ricardo Amin,43538788-8,35,female,85
Alfie-Lee Pruitt,61127746-6,54,female,92
Ariyah Mckeown,91995839-1,46,male,173
Raife Cassidy,41234355-7,22,male,182
Solomon Morton,31726652-9,55,male,89
Amari Stubbs,88726486-4,24,male,204
Louie Swan,95367461-0,18,male,69
Freddie Byrne,20209505-4,39,female,167
Margaux Cleveland,44973013-5,56,male,177
Toby Petty,84593882-2,31,male,166
Mariah Wyatt,58038177-4,27,male,67
Kirstin Fry,21630671-6,18,female,82
Toyah Wolfe,83605517-9,24,male,170
Lily-Mae O'Quinn,68147125-1,58,male,208
Arissa Webb,54363208-2,49,male,132
Leanne Weeks,31359212-k,30,male,15
Mayson Nicholson,26541300-5,60,male,212
Latoya Powers,54252672-6,39,male,99
Olivia-Rose Fuentes,22249624-1,48,male,210
Saqib Mill,11784418-8,57,male,103
Priya Oneil,96213582-k,39,female,158
Kaiden Ewing,75357089-6,51,female,77
Keaton Mccall,54480341-7,50,male,88
Esme-Rose Wicks,41325900-2,29,male,111
Kayleigh Finley,87244280-4,31,male,106
Clayton Mckenna,75397524-1,37,female,164
Aimie Sears,72018152-5,27,male,72
Forrest Salt,98152080-7,33,female,32
Claudia Avery,44626695-0,20,male,51
Yousef Rutledge,74748755-3,34,female,135
Alicja Magana,56744324-8,28,female,89
Arthur Lara,58191750-3,43,female,204
Adele Douglas,42814101-6,53,male,167
Musab Valencia,80308047-k,40,male,21
Thierry Hurley,82254885-7,41,female,12
Lillie-Rose Stokes,29522091-0,57,female,170
Marlene Hawes,41071374-8,23,male,201
Diego Castillo,76081261-7,57,male,57
Shelbie Moreno,12885071-6,46,male,101
Deanne Villarreal,67753422-2,38,female,105
Kajus Garrison,93285177-6,23,female,112
Alaw Ferrell,38895795-6,57,male,9
Minahil Kaye,59982206-2,59,male,57
Quentin Jacobs,66658505-4,49,male,162
Ruby-May Espinosa,44290962-8,56,male,94
Tj Moran,88495383-9,59,female,150
Karina Morgan,97632307-6,49,male,123
Aryaan Fox,88151779-5,52,male,50
Ashlyn Rossi,81783289-k,32,female,56
Jasleen Parker,58332136-5,36,male,7
Darryl Carlson,28673876-1,57,male,172
Tye Corrigan,28273728-0,47,male,190
Maksim Mcmahon,97355372-0,27,male,193
Jaiden Sampson,89477804-0,18,female,115
Janine Keller,45624249-9,38,male,14
Emelia Roche,66295586-8,57,male,112
Johanna Whelan,20996381-7,49,female,76
Dominik Wynn,57639262-1,21,female,77
Isobel Dudley,99108730-3,23,male,198
Cora Camacho,70551235-3,38,female,162
Shane Best,39043389-1,39,male,65
Denis Mann,92946711-6,43,female,180
Kristen Gallegos,52778909-5,59,male,156
Roger Woodcock,27161682-1,38,female,78
Caitlan Whitehouse,50728559-7,30,female,192
Emillie Frye,98661210-6,34,male,106
Roberta Rankin,22545748-4,33,female,53
Louie Harwood,36750587-7,55,female,167
Kaleem Hill,60727093-7,36,male,94
Serenity Rossi,46930527-9,29,female,110
Manisha Stephens,65485230-8,56,female,85
Sylvia Faulkner,63953205-4,34,female,190
Jadon Slater,99347364-2,20,male,116
Maude Arnold,59129614-0,42,male,24
Eleni Hansen,34349789-k,33,male,37
Asher Valentine,20774234-1,25,female,117
Tevin Wright,89671041-9,24,female,148
Lori Forrest,69822376-6,30,male,173
Geraint Shaw,59854747-5,19,female,38
Zunairah Mcgee,53087333-1,45,female,150
Xander Simmonds,91258242-6,23,male,53
Calista Cummings,17341224-k,53,female,159
Lilly-Grace Horn,42113348-4,20,female,86
Hayden Turnbull,56930255-2,50,male,50
Ella-May Hayes,48333719-1,21,female,19
Ayomide Mosley,46531952-6,29,female,50
Becky Strickland,49641463-2,29,male,154
Leigha Chavez,58812264-6,36,male,182
Ellise Bautista,66899113-0,41,male,193
Milly Rudd,83469143-4,23,female,168
Irfan Britton,52158784-9,25,male,184
Fenella Schaefer,26240285-1,33,male,16
Yasmin Barr,25609460-6,19,female,204
Marlon Lott,29381516-k,39,male,171
Dawson Rayner,73290473-5,58,female,215
Tasmin Crossley,75020925-4,40,male,146
Izaak Mathis,92386054-1,38,male,135
Korban Robbins,38629675-8,60,female,8
Homer Jacobson,37797879-k,42,female,38
Freddy Simons,52698782-9,29,male,45
Elissa Schmidt,60926655-4,53,female,97
Rita Kouma,58378678-3,50,male,170
Zack Sanderson,85516291-1,27,male,198
Toby Day,69186141-4,19,female,148
Amber-Rose Wardle,92244003-4,48,male,79
Kwabena Stone,74415365-4,37,female,91
Cheyanne Petersen,89751595-4,37,female,117
Carolina Gomez,35414863-3,37,male,101
Piotr Glenn,81881771-1,52,female,167
Dulcie Shelton,88413708-k,43,male,32
Akeem Hensley,84891139-9,33,female,17
Huw Lewis,79348268-k,29,male,54
Atticus Hussain,60020954-k,45,female,112
Edna Harper,14156767-5,29,female,19
Keagan Hope,91957637-5,26,male,136
Tudor Proctor,76362168-5,58,female,151
Winston Castro,10537138-1,55,female,76
Pierce Mora,29557986-2,28,female,181
Jonah Murphy,53331281-0,24,male,185
Frances Hartman,94559048-3,56,female,171
Reece Price,39038168-9,36,male,1
Chandni Stanton,11904025-6,50,female,174
Ferne Fritz,25002692-7,45,female,27
Harlan Goodman,78413522-5,43,male,200
Elle-May Iles,96251410-3,19,male,42
Mohamed Mcclain,13863556-2,57,male,91
Lennox Mcculloch,29637564-0,53,female,110
Ajwa Daly,87624695-3,60,female,16
Aleksander Patton,29009046-6,46,male,199
Saffron Sawyer,88538509-5,52,male,185
Brendon Denton,23625905-6,44,female,214
Emile Lopez,70019535-k,39,male,212
Lisa-Marie Grimes,19386119-9,40,male,42
Macsen Major,62034785-k,35,male,65
Ameera Edwards,64367868-3,35,female,9
Vincenzo Preece,45026733-3,49,female,78
Hudson Emerson,54746197-5,59,female,190
Raheel Bonilla,25399600-5,52,female,70
Che Partridge,16943787-4,39,female,69
Miyah Rhodes,59537115-5,49,female,25
Ramone Guzman,40236352-5,38,female,90
Prisha Spencer,54726514-9,57,male,129
Maisy Bright,77191435-7,48,male,46
Kit Adams,70638696-3,27,female,18
Vickie Clifford,10927357-0,19,female,204
Ricardo Devine,66976509-6,43,female,120
Payton Arroyo,63216586-2,24,male,142
Hadley Acosta,32086803-3,45,female,189
Belinda Chamberlain,76762441-7,37,male,57
Jax Hester,54676049-9,24,male,149
Glenn Curry,67216197-5,18,female,73
Shahzaib Lester,84621982-k,34,female,95
Tayyib Davila,47121914-2,47,female,74
Karol Knights,23047484-2,36,female,153
Layton Hodge,73026642-1,20,female,103
Francis Kerr,34414978-k,40,male,86
Nico Lim,87282538-k,38,male,7
Akeem Odonnell,21016824-9,20,male,42
Gino Alston,63196577-6,35,male,10
Aalia Ball,59051717-8,21,female,27
Danyal Steele,59749734-2,49,female,7
Hettie Samuels,37204390-3,47,male,149
Cari Welch,48592540-6,54,female,68
Howard Boone,79543386-4,23,male,43
Roosevelt Charlton,70433997-6,33,female,187
Spencer Tran,48553208-0,24,female,118
Pola Finney,10339840-1,25,female,13
Annaliese Mckinney,69767927-8,30,male,81
Princess Guest,73454838-3,56,female,17
Sonnie Pugh,34039148-9,58,female,207
Lola-Mae Whittaker,93591226-1,58,male,193
Kirandeep Riggs,73842540-5,25,female,1
Asmaa Allman,58648727-2,44,male,141
Kenzo Beech,95656123-k,28,female,90
Zac Mcgill,88107942-9,40,female,102
Jorgie Rowland,81428035-7,44,female,82
Harvie Bonilla,46805723-9,35,female,113
Samir Daugherty,96371883-7,33,female,108
Asha Guthrie,92390198-1,19,male,99
Hamaad Barajas,17611254-9,50,male,195
Mandeep Vazquez,56197957-k,20,male,201
Harvey-Lee Burch,78301240-5,22,female,157
Kamran Santos,90730270-9,20,male,47
Junior Bryant,25919808-9,24,female,108
Stefan Allen,92060023-9,57,female,1
Haidar Moreno,91346186-k,30,male,202
Shayaan Watkins,56405384-8,19,male,212
Abid Cross,97596735-2,42,male,37
Khadija Dalby,32153494-5,43,female,90
Billie Kaur,54546935-9,38,female,118
Mimi Harris,48269008-4,49,male,135
Kierran Stanton,50942616-3,27,male,19
Isabell Goodwin,84327091-3,40,male,27
Tiffany Cantu,66714421-3,25,male,214
Skye Gray,48007583-8,49,female,64
Lemar Cullen,14585428-8,28,male,65
Maariya Enriquez,25450277-4,30,male,32
Ayana Portillo,60456055-1,23,female,215
Humayra Palacios,90494178-6,32,male,199
Mea Dorsey,95199785-4,37,male,116
Ammaar Carty,13947632-8,48,male,197
Dainton Pratt,29004298-4,24,female,149
Waleed Aguirre,63968995-6,53,male,56
Dev Adamson,75269880-5,60,female,205
Karis Downes,42494071-2,58,female,156
Annabelle Mullins,11123767-0,35,male,181
Faheem Bains,16697747-9,42,male,44
Kaeden Knapp,37285914-8,53,female,48
Jobe Reyes,79725852-0,26,male,185
Ilayda Whitehouse,11118739-8,29,female,10
Nasir Jenkins,45273848-1,19,male,206
Jonny Newton,33461512-k,50,female,95
Sabrina Gillespie,27626683-7,47,male,3
Frances Corrigan,12920124-k,25,female,18
Yunus Galloway,15955355-8,20,female,127
Robyn Hyde,14495790-3,55,male,169
Rebecca Sheehan,49552236-9,56,male,92
Sakina Stewart,40161573-3,49,male,129
India Camacho,12969098-4,22,female,70
Ella-Mai Butt,41775238-2,55,female,35
Maia Glover,52792841-9,22,female,211
Aryan Hastings,82533150-6,25,male,114
Hashir Hendricks,38100857-6,49,female,112
Yash Wallace,69691126-6,19,female,152
Harlow Woods,99302343-4,19,male,43
Ariadne Hibbert,35155157-7,40,female,84
Miller Fletcher,35340502-0,57,male,21
Kymani Rahman,95711978-6,49,male,190
Gaia Pearson,23686910-5,31,female,41
Ruth Steadman,93129166-1,34,female,198
Asiya Short,98357275-8,49,male,82
Amba Crane,77484278-0,36,female,176
Isaac Fleming,52258791-5,20,female,201
Haider Hines,24927693-6,19,male,175
Luca Foley,71316667-7,37,female,198
Ariyan Patel,37780063-k,32,male,137
Luqman Marks,15795964-6,21,female,179
Evan Haas,24655915-5,24,male,178
Aiden Arnold,36304600-2,36,male,37
Billy-Joe Ward,12177977-3,22,male,142
Nathaniel Rivas,79974368-k,37,female,77
Harry Hood,42868972-0,50,female,205
Brandy Ponce,25696685-9,41,female,37
Siyana Ballard,95423202-6,23,male,86
Musa Myers,18984900-1,27,male,44
Ace Stephenson,57181678-4,57,female,168
Ashlyn Finch,97163657-2,31,female,148
Mikayla Hume,42714709-6,30,female,61
Nevaeh Gill,88667817-7,46,female,73
Rahul Finley,50814284-6,36,male,25
